date,net_value
2013-09-18,1.4158
2013-09-27,1.4168
2013-09-30,1.4168
2013-10-11,1.4167
2013-10-18,1.4104
2013-10-21,0.0308
2013-10-22,0.0469
2013-10-23,0.5055
2013-10-24,0.6577
2013-10-25,1.4119
2013-10-28,0.5873
2013-10-29,1.1678
2013-10-30,1.1039
2013-10-31,1.318
2013-11-01,1.3425
2013-11-04,1.0604
2013-11-05,1.1471
2013-11-06,1.2175
2013-11-07,1.235
2013-11-08,1.2567
2013-11-11,1.1516
2013-11-12,0.9617
2013-11-13,1.053
2013-11-14,1.0511
2013-11-15,1.1078
2013-11-18,0.9276
2013-11-19,1.0256
2013-11-20,1.2804
2013-11-21,1.2482
2013-11-22,1.3069
2013-11-25,1.2524
2013-11-26,1.2524
2013-11-27,1.2329
2013-11-28,1.1863
2013-11-29,1.2607
2013-12-02,1.0215
2013-12-03,1.0731
2013-12-04,1.1241
2013-12-05,1.1322
2013-12-06,1.1713
2013-12-09,1.0552
2013-12-10,1.1395
2013-12-11,1.1284
2013-12-12,1.2981
2013-12-13,1.1737
2013-12-16,1.3487
2013-12-17,1.3419
2013-12-18,1.0482
2013-12-19,1.3465
2013-12-20,1.3918
2013-12-23,1.2642
2013-12-24,1.5931
2013-12-25,1.0667
2013-12-26,1.5514
2013-12-27,1.5393
2013-12-30,1.5472
2013-12-31,1.6078
2014-01-02,1.6125
2014-01-03,1.2718
2014-01-06,0.9237
2014-01-07,0.9344
2014-01-08,1.3345
2014-01-09,1.2606
2014-01-10,1.331
2014-01-13,0.9927
2014-01-14,1.012
2014-01-15,1.0485
2014-01-16,1.124
2014-01-17,1.1588
2014-01-20,1.0946
2014-01-21,4.2482
2014-01-22,2.4401
2014-01-23,1.1312
2014-01-24,6.6657
2014-01-27,1.1639
2014-01-28,1.075
2014-01-29,1.1948
2014-01-30,0.9658
2014-02-07,1.2138
2014-02-10,1.1473
2014-02-11,1.0842
2014-02-12,3.8533
2014-02-13,1.2499
2014-02-14,1.736
2014-02-17,3.3769
2014-02-18,1.0695
2014-02-19,1.0612
2014-02-20,5.0238
2014-02-21,0.3931
2014-02-24,0.4436
2014-02-25,0.4439
2014-02-26,0.5939
2014-02-27,2.4915
2014-02-28,0.6761
2014-03-03,1.3698
2014-03-04,1.5162
2014-03-05,0.745
2014-03-06,3.272
2014-03-07,3.2469
2014-03-10,3.1
2014-03-11,0.9004
2014-03-12,0.8807
2014-03-13,2.1896
2014-03-14,2.2764
2014-03-17,2.3833
2014-03-18,0.8375
2014-03-19,1.3032
2014-03-20,1.3694
2014-03-21,2.4059
2014-03-24,4.1558
2014-03-25,0.9255
2014-03-26,1.5664
2014-03-27,0.8991
2014-03-28,2.4031
2014-03-31,0.9306
2014-04-01,0.9603
2014-04-02,3.849
2014-04-03,0.7165
2014-04-04,3.3139
2014-04-08,1.4918
2014-04-09,0.8629
2014-04-10,1.349
2014-04-11,1.9634
2014-04-14,1.4376
2014-04-15,1.4895
2014-04-16,1.5543
2014-04-17,1.763
2014-04-18,1.6064
2014-04-21,0.993
2014-04-22,1.2824
2014-04-23,1.7045
2014-04-24,1.7505
2014-04-25,1.3378
2014-04-28,1.561
2014-04-29,1.203
2014-04-30,1.7434
2014-05-05,1.7882
2014-05-06,1.3534
2014-05-07,1.5583
2014-05-08,1.7442
2014-05-09,0.9764
2014-05-12,1.373
2014-05-13,0.96
2014-05-14,1.9342
2014-05-15,1.7407
2014-05-16,0.9596
2014-05-19,1.436
2014-05-20,0.9659
2014-05-21,1.7226
2014-05-22,1.3149
2014-05-23,1.5263
2014-05-26,0.9941
2014-05-27,1.4408
2014-05-28,1.5481
2014-05-29,0.9863
2014-05-30,1.4841
2014-06-03,0.9723
2014-06-04,1.5389
2014-06-05,1.5318
2014-06-06,1.3638
2014-06-09,0.8986
2014-06-10,1.1606
2014-06-11,0.9252
2014-06-12,1.8243
2014-06-13,1.5381
2014-06-16,1.297
2014-06-17,0.9836
2014-06-18,0.926
2014-06-19,0.9265
2014-06-20,1.5339
2014-06-23,1.4325
2014-06-24,0.9662
2014-06-25,1.4539
2014-06-26,1.9169
2014-06-27,2.5732
2014-06-30,0.9841
2014-07-01,0.9804
2014-07-02,0.9781
2014-07-03,0.8281
2014-07-04,1.0519
2014-07-07,1.5275
2014-07-08,1.5817
2014-07-09,0.914
2014-07-10,0.9207
2014-07-11,1.463
2014-07-14,0.9174
2014-07-15,2.1644
2014-07-16,0.9172
2014-07-17,1.2986
2014-07-18,0.8668
2014-07-21,0.8811
2014-07-22,1.9076
2014-07-23,1.3891
2014-07-24,2.3482
2014-07-25,2.7924
2014-07-28,0.9091
2014-07-29,2.5965
2014-07-30,1.8981
2014-07-31,0.9068
2014-08-01,0.8742
2014-08-04,0.8798
2014-08-05,2.5707
2014-08-06,0.9436
2014-08-07,0.9554
2014-08-08,0.9509
2014-08-11,0.9257
2014-08-12,0.9203
2014-08-13,0.9291
2014-08-14,1.3692
2014-08-15,1.4901
2014-08-18,0.9288
2014-08-19,1.159
2014-08-20,0.9243
2014-08-21,0.9232
2014-08-22,1.1339
2014-08-25,2.1041
2014-08-26,2.5083
2014-08-27,1.585
2014-08-28,0.8133
2014-08-29,1.1882
2014-09-01,0.8452
2014-09-02,0.8581
2014-09-03,1.4812
2014-09-04,0.8513
2014-09-05,0.8316
2014-09-09,0.8289
2014-09-10,1.0896
2014-09-11,0.8079
2014-09-12,0.8572
2014-09-15,1.2663
2014-09-16,4.5517
2014-09-17,1.6295
2014-09-18,9.2592
2014-09-19,0.9329
2014-09-22,0.9073
2014-09-23,3.5813
2014-09-24,0.8459
2014-09-25,1.0076
2014-09-26,1.0756
2014-09-29,1.032
2014-09-30,1.71
2014-10-08,4.5154
2014-10-09,1.0247
2014-10-10,0.9871
2014-10-13,2.1884
2014-10-14,1.0889
2014-10-15,1.1185
2014-10-16,1.6724
2014-10-17,1.0959
2014-10-20,2.0255
2014-10-21,0.963
2014-10-22,0.9673
2014-10-23,1.9229
2014-10-24,2.2581
2014-10-27,0.9622
2014-10-28,0.9839
2014-10-29,0.9694
2014-10-30,1.5018
2014-10-31,2.0546
2014-11-03,2.0825
2014-11-04,1.5571
2014-11-05,1.6215
2014-11-06,1.5444
2014-11-07,1.2065
2014-11-10,0.9892
2014-11-11,1.3886
2014-11-12,1.089
2014-11-13,1.5048
2014-11-14,1.9299
2014-11-17,1.0051
2014-11-18,1.5398
2014-11-19,0.9597
2014-11-20,0.9341
2014-11-21,0.9851
2014-11-24,1.3214
2014-11-25,1.0105
2014-11-26,1.0544
2014-11-27,2.0248
2014-11-28,1.3138
2014-12-01,1.0666
2014-12-02,1.0756
2014-12-03,2.0345
2014-12-04,1.0779
2014-12-05,0.8701
2014-12-08,0.8394
2014-12-09,1.5407
2014-12-10,0.6784
2014-12-11,1.2227
2014-12-12,0.9865
2014-12-15,0.5744
2014-12-16,0.3151
2014-12-17,0.819
2014-12-18,4.0668
2014-12-19,0.9412
2014-12-22,1.0482
2014-12-23,1.0733
2014-12-24,1.0702
2014-12-25,1.0957
2014-12-26,0.9683
2014-12-29,1.0889
2014-12-30,1.0679
2014-12-31,1.1489
2015-01-05,1.1046
2015-01-06,1.3211
2015-01-07,1.8055
2015-01-08,1.0315
2015-01-09,1.178
2015-01-12,1.0509
2015-01-13,1.1444
2015-01-14,2.1786
2015-01-15,1.3978
2015-01-16,1.5676
2015-01-19,0.9253
2015-01-20,1.1893
2015-01-21,1.4767
2015-01-22,1.3905
2015-01-23,0.9504
2015-01-26,0.9541
2015-01-27,0.9567
2015-01-28,1.5708
2015-01-29,0.9285
2015-01-30,0.9319
2015-02-02,0.9099
2015-02-03,1.0805
2015-02-04,0.9158
2015-02-05,0.9301
2015-02-06,1.3457
2015-02-09,1.7888
2015-02-10,0.9111
2015-02-11,1.9664
2015-02-12,0.9246
2015-02-13,1.1633
2015-02-16,7.2115
2015-02-17,0.9415
2015-02-25,1.7991
2015-02-26,0.9346
2015-02-27,0.9668
2015-03-02,0.9607
2015-03-03,0.956
2015-03-04,0.9492
2015-03-05,0.9652
2015-03-06,0.9613
2015-03-09,0.9262
2015-03-10,0.9046
2015-03-11,0.9453
2015-03-12,0.958
2015-03-13,4.7189
2015-03-16,0.9699
2015-03-17,0.9537
2015-03-18,0.9506
2015-03-19,0.9614
2015-03-20,1.1725
2015-03-23,0.8988
2015-03-24,0.8759
2015-03-25,0.8746
2015-03-26,0.8696
2015-03-27,0.8713
2015-03-30,0.8667
2015-03-31,3.3683
2015-04-01,0.9492
2015-04-02,0.896
2015-04-03,2.7895
2015-04-07,0.9883
2015-04-08,1.236
2015-04-09,1.1573
2015-04-10,2.5401
2015-04-13,1.5675
2015-04-14,1.2147
2015-04-15,1.5496
2015-04-16,1.1064
2015-04-17,1.1388
2015-04-20,1.118
2015-04-21,1.6897
2015-04-22,2.295
2015-04-23,1.4427
2015-04-24,1.3635
2015-04-27,1.4855
2015-04-28,1.8448
2015-04-29,0.9708
2015-04-30,0.967
2015-05-04,0.963
2015-05-05,0.9609
2015-05-06,1.5872
2015-05-07,2.7283
2015-05-08,1.6818
2015-05-11,1.0427
2015-05-12,2.2132
2015-05-13,1.03
2015-05-14,1.0093
2015-05-15,2.2
2015-05-18,3.7126
2015-05-19,0.8697
2015-05-20,1.5704
2015-05-21,0.9654
2015-05-22,0.9861
2015-05-25,1.9929
2015-05-26,1.5614
2015-05-27,1.5769
2015-05-28,0.7815
2015-05-29,1.7315
2015-06-01,0.8262
2015-06-02,0.8996
2015-06-03,1.7902
2015-06-04,0.9297
2015-06-05,1.6463
2015-06-08,2.6156
2015-06-09,2.3338
2015-06-10,0.7718
2015-06-11,1.6076
2015-06-12,0.8345
2015-06-15,0.7344
2015-06-16,0.7464
2015-06-17,2.5097
2015-06-18,0.7845
2015-06-19,0.792
2015-06-23,3.6401
2015-06-24,2.6199
2015-06-25,0.7958
2015-06-26,0.7611
2015-06-29,0.7883
2015-06-30,0.7986
2015-07-01,0.7798
2015-07-02,2.4598
2015-07-03,0.7769
2015-07-06,0.7446
2015-07-07,0.7688
2015-07-08,0.7504
2015-07-09,1.7412
2015-07-10,0.7165
2015-07-13,0.7024
2015-07-14,0.6974
2015-07-15,1.1388
2015-07-16,0.9409
2015-07-17,1.5418
2015-07-20,0.6891
2015-07-21,1.0216
2015-07-22,0.7787
2015-07-23,0.6737
2015-07-24,0.6731
2015-07-27,0.6567
2015-07-28,0.6491
2015-07-29,0.648
2015-07-30,0.6507
2015-07-31,0.653
2015-08-03,0.6517
2015-08-04,0.6478
2015-08-05,0.6562
2015-08-06,0.6489
2015-08-07,0.6509
2015-08-10,0.6526
2015-08-11,0.6499
2015-08-12,0.6554
2015-08-13,0.6553
2015-08-14,1.091
2015-08-17,0.634
2015-08-18,0.6414
2015-08-19,0.76
2015-08-20,0.6444
2015-08-21,1.3528
2015-08-24,0.6469
2015-08-25,0.6532
2015-08-26,0.6584
2015-08-27,1.0881
2015-08-28,0.6705
2015-08-31,0.6715
2015-09-01,0.6744
2015-09-02,0.677
2015-09-07,0.6833
2015-09-08,0.6844
2015-09-09,0.673
2015-09-10,0.6734
2015-09-11,0.6746
2015-09-14,0.6719
2015-09-15,0.6668
2015-09-16,0.6551
2015-09-17,0.658
2015-09-18,0.6707
2015-09-21,0.6704
2015-09-22,0.6768
2015-09-23,0.6845
2015-09-24,0.6843
2015-09-25,0.6717
2015-09-28,0.6814
2015-09-29,0.6748
2015-09-30,0.6932
2015-10-08,0.6864
2015-10-09,0.7628
2015-10-12,0.6781
2015-10-13,0.9776
2015-10-14,0.6881
2015-10-15,0.6839
2015-10-16,0.6734
2015-10-19,0.7623
2015-10-20,1.9979
2015-10-21,1.4414
2015-10-22,0.6771
2015-10-23,1.4484
2015-10-26,0.6651
2015-10-27,1.1932
2015-10-28,1.272
2015-10-29,0.6428
2015-10-30,0.6398
2015-11-02,0.6376
2015-11-03,0.6361
2015-11-04,0.6209
2015-11-05,0.6116
2015-11-06,0.985
2015-11-09,0.6081
2015-11-10,0.6032
2015-11-11,0.6028
2015-11-12,0.7387
2015-11-13,0.6978
2015-11-16,1.4839
2015-11-17,0.5741
2015-11-18,0.9134
2015-11-19,0.6199
2015-11-20,0.7182
2015-11-23,1.1232
2015-11-24,0.6221
2015-11-25,0.7095
2015-11-26,0.6115
2015-11-27,0.6098
2015-11-30,0.6153
2015-12-01,0.6204
2015-12-02,0.622
2015-12-03,0.5723
2015-12-04,0.6118
2015-12-07,0.6944
2015-12-08,0.4841
2015-12-09,0.4894
2015-12-10,0.7176
2015-12-11,0.4803
2015-12-14,0.9434
2015-12-15,0.502
2015-12-16,0.8232
2015-12-17,0.495
2015-12-18,0.6946
2015-12-21,1.4913
2015-12-22,0.5449
2015-12-23,1.2321
2015-12-24,0.5792
2015-12-25,0.7786
2015-12-28,0.6148
2015-12-29,2.2375
2015-12-30,0.6759
2015-12-31,0.6732
2016-01-04,0.6757
2016-01-05,0.6731
2016-01-06,0.6612
2016-01-07,0.6225
2016-01-08,0.5793
2016-01-11,0.5627
2016-01-12,0.5537
2016-01-13,0.5442
2016-01-14,0.5537
2016-01-15,0.535
2016-01-18,1.4658
2016-01-19,0.5421
2016-01-20,0.5341
2016-01-21,0.5423
2016-01-22,0.5435
2016-01-25,1.0901
2016-01-26,0.5972
2016-01-27,0.5939
2016-01-28,0.5761
2016-01-29,1.1533
2016-02-01,1.6803
2016-02-02,0.6012
2016-02-03,0.6968
2016-02-04,0.6242
2016-02-05,0.6298
2016-02-15,1.7235
2016-02-16,0.6024
2016-02-17,0.5964
2016-02-18,0.5892
2016-02-19,0.6494
2016-02-22,0.676
2016-02-23,0.7603
2016-02-24,0.5648
2016-02-25,0.6231
2016-02-26,0.7652
2016-02-29,0.7071
2016-03-01,0.5697
2016-03-02,0.5819
2016-03-03,0.6425
2016-03-04,0.6819
2016-03-07,0.6782
2016-03-08,0.5427
2016-03-09,0.5501
2016-03-10,0.5467
2016-03-11,0.5449
2016-03-14,0.5753
2016-03-15,0.6602
2016-03-16,0.5472
2016-03-17,0.5745
2016-03-18,0.5692
2016-03-21,0.7085
2016-03-22,0.7358
2016-03-23,0.7266
2016-03-24,0.5783
2016-03-25,0.5567
2016-03-28,0.8797
2016-03-29,0.5671
2016-03-30,0.5789
2016-03-31,0.6281
2016-04-01,0.8597
2016-04-05,0.8039
2016-04-06,0.6077
2016-04-07,0.7251
2016-04-08,0.5647
2016-04-11,0.8819
2016-04-12,0.5693
2016-04-13,0.5714
2016-04-14,0.5697
2016-04-15,0.8334
2016-04-18,0.5734
2016-04-19,0.8833
2016-04-20,0.5647
2016-04-21,0.5703
2016-04-22,0.5717
2016-04-25,0.5682
2016-04-26,0.5856
2016-04-27,1.046
2016-04-28,0.5722
2016-04-29,0.5693
2016-05-03,0.9131
2016-05-04,0.973
2016-05-05,0.5716
2016-05-06,0.629
2016-05-09,1.4553
2016-05-10,0.535
2016-05-11,0.7802
2016-05-12,0.5574
2016-05-13,0.5503
2016-05-16,0.8854
2016-05-17,0.5474
2016-05-18,0.5525
2016-05-19,0.5438
2016-05-20,0.5425
2016-05-23,1.0037
2016-05-24,0.5387
2016-05-25,0.5377
2016-05-26,0.533
2016-05-27,0.5407
2016-05-30,0.8397
2016-05-31,0.5485
2016-06-01,0.7199
2016-06-02,0.9575
2016-06-03,0.5634
2016-06-06,0.5547
2016-06-07,0.9978
2016-06-08,0.7742
2016-06-13,1.5155
2016-06-14,0.8451
2016-06-15,0.5333
2016-06-16,0.5305
2016-06-17,0.5256
2016-06-20,0.8878
2016-06-21,0.8736
2016-06-22,0.5188
2016-06-23,0.5175
2016-06-24,0.5252
2016-06-27,0.6353
2016-06-28,0.5653
2016-06-29,0.5655
2016-06-30,0.5957
2016-07-01,0.5928
2016-07-04,0.5901
2016-07-05,0.5749
2016-07-06,0.6022
2016-07-07,0.5634
2016-07-08,0.5667
2016-07-11,1.0153
2016-07-12,0.5711
2016-07-13,0.5673
2016-07-14,0.5561
2016-07-15,0.5855
2016-07-18,1.4405
2016-07-19,0.71
2016-07-20,1.0638
2016-07-21,0.517
2016-07-22,0.6439
2016-07-25,1.0083
2016-07-26,0.6473
2016-07-27,0.5515
2016-07-28,0.5498
2016-07-29,0.5687
2016-08-01,0.6987
2016-08-02,0.5082
2016-08-03,0.5017
2016-08-04,0.8247
2016-08-05,0.5448
2016-08-08,0.6518
2016-08-09,0.5806
2016-08-10,0.5485
2016-08-11,0.5487
2016-08-12,0.5588
2016-08-15,0.7847
2016-08-16,0.5692
2016-08-17,0.6084
2016-08-18,0.6328
2016-08-19,0.5643
2016-08-22,1.3357
2016-08-23,0.5584
2016-08-24,0.6816
2016-08-25,1.0791
2016-08-26,0.57
2016-08-29,1.2504
2016-08-30,0.443
2016-08-31,0.9491
2016-09-01,0.4186
2016-09-02,0.507
2016-09-05,0.9184
2016-09-06,0.7124
2016-09-07,0.5027
2016-09-08,0.7938
2016-09-09,0.7395
2016-09-12,1.1816
2016-09-13,0.4964
2016-09-14,0.6457
2016-09-19,1.1208
2016-09-20,0.5212
2016-09-21,0.5225
2016-09-22,0.5191
2016-09-23,0.4932
2016-09-26,0.496
2016-09-27,0.4865
2016-09-28,1.668
2016-09-29,0.5466
2016-09-30,0.7314
2016-10-10,0.8856
2016-10-11,0.605
2016-10-12,0.5504
2016-10-13,0.5319
2016-10-14,0.7677
2016-10-17,0.9388
2016-10-18,0.5175
2016-10-19,0.5336
2016-10-20,1.635
2016-10-21,0.778
2016-10-24,1.5788
2016-10-25,0.5499
2016-10-26,0.5512
2016-10-27,1.119
2016-10-28,0.5492
2016-10-31,0.5388
2016-11-01,0.5397
2016-11-02,0.5451
2016-11-03,0.5517
2016-11-04,0.662
2016-11-07,1.1324
2016-11-08,0.5252
2016-11-09,0.6297
2016-11-10,0.532
2016-11-11,0.5385
2016-11-14,0.5803
2016-11-15,0.534
2016-11-16,0.5433
2016-11-17,0.5617
2016-11-18,1.448
2016-11-21,0.8319
2016-11-22,0.8149
2016-11-23,0.5382
2016-11-24,0.5829
2016-11-25,0.888
2016-11-28,0.8133
2016-11-29,0.5728
2016-11-30,0.8783
2016-12-01,0.5795
2016-12-02,0.4969
2016-12-05,0.9675
2016-12-06,0.622
2016-12-07,0.6523
2016-12-08,0.551
2016-12-09,0.5566
2016-12-12,0.8661
2016-12-13,0.5322
2016-12-14,0.2256
2016-12-15,0.5952
2016-12-16,0.1343
2016-12-19,1.729
2016-12-20,0.1047
2016-12-21,0.138
2016-12-22,0.2172
2016-12-23,0.3338
2016-12-26,0.3651
2016-12-27,1.4831
2016-12-28,1.0292
2016-12-29,0.7598
2016-12-30,0.8184
2016-12-31,0.7923
2017-01-03,0.8732
2017-01-04,0.479
2017-01-05,0.3521
2017-01-06,0.1938
2017-01-09,0.603
2017-01-10,0.5872
2017-01-11,0.5598
2017-01-12,0.7152
2017-01-13,0.591
2017-01-16,0.7762
2017-01-17,0.3928
2017-01-18,0.2945
2017-01-19,0.7945
2017-01-20,0.8239
2017-01-23,2.1365
2017-01-24,0.6687
2017-01-25,0.713
2017-01-26,0.7649
2017-02-03,0.7505
2017-02-06,0.752
2017-02-07,0.7451
2017-02-08,1.3512
2017-02-09,1.0985
2017-02-10,0.4937
2017-02-13,0.7542
2017-02-14,0.7412
2017-02-15,0.9047
2017-02-16,0.7998
2017-02-17,0.8054
2017-02-20,1.1959
2017-02-21,0.8193
2017-02-22,0.833
2017-02-23,1.0835
2017-02-24,0.8651
2017-02-27,0.8665
2017-02-28,0.8824
2017-03-01,0.9103
2017-03-02,0.8843
2017-03-03,0.8775
2017-03-06,1.1859
2017-03-07,0.7856
2017-03-08,0.7819
2017-03-09,0.7962
2017-03-10,0.7941
2017-03-13,0.7867
2017-03-14,1.3713
2017-03-15,0.6903
2017-03-16,0.8609
2017-03-17,0.8834
2017-03-20,0.9011
2017-03-21,0.887
2017-03-22,0.8849
2017-03-23,2.0365
2017-03-24,0.9352
2017-03-27,1.2439
2017-03-28,0.927
2017-03-29,0.9334
2017-03-30,0.9988
2017-03-31,1.0379
2017-04-05,1.0237
2017-04-06,1.0219
2017-04-07,1.0056
2017-04-10,1.3372
2017-04-11,0.9453
2017-04-12,0.9427
2017-04-13,0.8626
2017-04-14,0.8692
2017-04-17,1.0051
2017-04-18,1.1581
2017-04-19,0.8826
2017-04-20,0.9401
2017-04-21,0.9471
2017-04-24,0.9624
2017-04-25,0.9597
2017-04-26,0.9904
2017-04-27,1.0414
2017-04-28,0.9873
2017-05-02,1.0004
2017-05-03,0.9947
2017-05-04,0.9982
2017-05-05,0.9243
2017-05-08,0.9732
2017-05-09,1.0858
2017-05-10,0.9764
2017-05-11,1.0068
2017-05-12,0.952
2017-05-15,0.9622
2017-05-16,0.9659
2017-05-17,0.9588
2017-05-18,0.9595
2017-05-19,0.9599
2017-05-22,0.9537
2017-05-23,0.9515
2017-05-24,0.9277
2017-05-25,0.919
2017-05-26,0.9712
2017-05-31,0.9614
2017-06-01,0.9566
2017-06-02,1.4024
2017-06-05,0.9589
2017-06-06,0.9512
2017-06-07,0.9572
2017-06-08,0.9669
2017-06-09,1.2695
2017-06-12,1.0658
2017-06-13,0.9439
2017-06-14,0.9465
2017-06-15,1.1852
2017-06-16,1.0718
2017-06-19,0.9531
2017-06-20,0.9751
2017-06-21,0.948
2017-06-22,0.9762
2017-06-23,1.4447
2017-06-26,2.0267
2017-06-27,0.9714
2017-06-28,1.0042
2017-06-29,0.9886
2017-06-30,1.0195
2017-07-03,1.0302
2017-07-04,1.0242
2017-07-05,1.0169
2017-07-06,0.9855
2017-07-07,0.9559
2017-07-10,0.9708
2017-07-11,1.3547
2017-07-12,0.9751
2017-07-13,0.9627
2017-07-14,1.2259
2017-07-17,1.4854
2017-07-18,0.9587
2017-07-19,0.9807
2017-07-20,0.9957
2017-07-21,1.2192
2017-07-24,1.0881
2017-07-25,0.9894
2017-07-26,0.993
2017-07-27,0.9894
2017-07-28,0.9862
2017-07-31,1.0021
2017-08-01,1.0046
2017-08-02,1.0039
2017-08-03,1.002
2017-08-04,0.992
2017-08-07,0.9786
2017-08-08,1.0448
2017-08-09,0.9768
2017-08-10,0.9349
2017-08-11,0.9683
2017-08-14,0.9663
2017-08-15,0.966
2017-08-16,1.0994
2017-08-17,0.9796
2017-08-18,0.9811
2017-08-21,0.9867
2017-08-22,0.992
2017-08-23,0.9971
2017-08-24,0.9995
2017-08-25,0.9939
2017-08-28,1.0106
2017-08-29,0.9978
2017-08-30,1.0414
2017-08-31,1.0353
2017-09-01,1.024
2017-09-04,1.0225
2017-09-05,1.0076
2017-09-06,0.978
2017-09-07,0.9689
2017-09-08,0.9627
2017-09-11,0.9731
2017-09-12,1.1109
2017-09-13,0.9921
2017-09-14,0.9925
2017-09-15,0.9911
2017-09-18,0.966
2017-09-19,0.992
2017-09-20,0.998
2017-09-21,1.0062
2017-09-22,0.9985
2017-09-25,1.0507
2017-09-26,1.0116
2017-09-27,0.9847
2017-09-28,0.9805
2017-09-29,1.0071
2017-10-09,1.0047
2017-10-10,1.0047
2017-10-11,1.0046
2017-10-12,0.9942
2017-10-13,1.1206
2017-10-16,0.9927
2017-10-17,1.2485
2017-10-18,0.9813
2017-10-19,0.9851
2017-10-20,1.2373
2017-10-23,0.9681
2017-10-24,0.953
2017-10-25,0.9591
2017-10-26,0.9724
2017-10-27,0.9681
2017-10-30,0.9768
2017-10-31,1.0149
2017-11-01,1.0236
2017-11-02,1.0244
2017-11-03,1.0265
2017-11-06,1.0166
2017-11-07,0.9868
2017-11-08,0.9531
2017-11-09,0.9684
2017-11-10,0.9706
2017-11-13,0.9579
2017-11-14,0.9898
2017-11-15,0.9965
2017-11-16,0.9884
2017-11-17,1.3144
2017-11-20,0.9736
2017-11-21,0.9812
2017-11-22,0.9596
2017-11-23,0.9605
2017-11-24,1.1193
2017-11-27,1.0095
2017-11-28,0.9986
2017-11-29,0.9719
2017-11-30,0.9925
2017-12-01,0.9944
2017-12-04,0.9915
2017-12-05,0.9822
2017-12-06,0.9751
2017-12-07,0.9577
2017-12-08,0.9623
2017-12-11,1.9795
2017-12-12,0.9622
2017-12-13,0.9782
2017-12-14,1.2579
2017-12-15,0.9875
2017-12-18,1.5846
2017-12-19,1.79
2017-12-20,0.9746
2017-12-21,0.9668
2017-12-22,0.9977
2017-12-25,2.7923
2017-12-26,1.1559
2017-12-27,1.1546
2017-12-28,1.3142
2017-12-29,1.3593
2018-01-01,1.3523
2018-01-02,1.2497
2018-01-03,1.3138
2018-01-04,1.2691
2018-01-05,1.2213
2018-01-08,1.1862
2018-01-09,1.11
2018-01-10,1.0566
2018-01-11,0.9395
2018-01-12,1.1506
2018-01-15,0.9895
2018-01-16,1.0415
2018-01-17,1.0755
2018-01-18,1.0532
2018-01-19,1.0704
2018-01-22,1.4075
2018-01-23,1.0224
2018-01-24,1.0846
2018-01-25,1.0566
2018-01-26,1.0501
2018-01-29,1.7535
2018-01-30,1.0452
2018-01-31,1.0024
2018-02-01,1.0062
2018-02-02,1.0049
2018-02-05,0.9978
2018-02-06,0.9943
2018-02-07,1.0072
2018-02-08,1.0103
2018-02-09,1.0096
2018-02-12,1.0086
2018-02-13,1.0829
2018-02-14,1.0224
2018-02-22,1.0216
2018-02-23,1.0177
2018-02-26,1.0179
2018-02-27,1.0137
2018-02-28,1.0091
2018-03-01,1.0086
2018-03-02,1.0003
2018-03-05,1.0014
2018-03-06,0.9965
2018-03-07,0.9932
2018-03-08,0.9946
2018-03-09,2.1586
2018-03-12,1.0132
2018-03-13,1.4342
2018-03-14,1.0039
2018-03-15,0.9867
2018-03-16,0.9829
2018-03-19,1.6911
2018-03-20,0.9747
2018-03-21,0.9744
2018-03-22,0.9649
2018-03-23,0.9539
2018-03-26,0.9718
2018-03-27,1.5407
2018-03-28,0.9426
2018-03-29,0.966
2018-03-30,0.9508
2018-04-02,0.9564
2018-04-03,0.9532
2018-04-04,0.9451
2018-04-09,0.9199
2018-04-10,0.9098
2018-04-11,1.1123
2018-04-12,0.9112
2018-04-13,0.9399
2018-04-16,1.2162
2018-04-17,0.9455
2018-04-18,0.9471
2018-04-19,0.9536
2018-04-20,0.9487
2018-04-23,0.9484
2018-04-24,0.9454
2018-04-25,0.9479
2018-04-26,0.9278
2018-04-27,0.9282
2018-05-02,0.9335
2018-05-03,0.9274
2018-05-04,0.9193
2018-05-07,0.8991
2018-05-08,0.9
2018-05-09,0.8882
2018-05-10,0.8753
2018-05-11,0.8875
2018-05-14,0.887
2018-05-15,0.8587
2018-05-16,0.898
2018-05-17,0.9166
2018-05-18,0.9342
2018-05-21,1.8459
2018-05-22,0.9135
2018-05-23,0.9256
2018-05-24,0.9288
2018-05-25,0.9317
2018-05-28,0.8937
2018-05-29,0.8715
2018-05-30,1.0115
2018-05-31,0.8615
2018-06-01,0.8875
2018-06-04,0.9115
2018-06-05,0.9517
2018-06-06,0.9037
2018-06-07,0.875
2018-06-08,0.8756
2018-06-11,0.8648
2018-06-12,0.8572
2018-06-13,0.867
2018-06-14,2.6058
2018-06-15,0.876
2018-06-19,2.8557
2018-06-20,0.8514
2018-06-21,0.8742
2018-06-22,0.7652
2018-06-25,2.9855
2018-06-26,1.5998
2018-06-27,0.9118
2018-06-28,0.9461
2018-06-29,0.9267
2018-06-30,0.9342
2018-07-01,0.9342
2018-07-02,0.9328
2018-07-03,0.9212
2018-07-04,0.9053
2018-07-05,0.8899
2018-07-06,0.8403
2018-07-09,0.8219
2018-07-10,0.8303
2018-07-11,0.7908
2018-07-12,1.0035
2018-07-13,0.7604
2018-07-16,0.7665
2018-07-17,0.7681
2018-07-18,0.7632
2018-07-19,0.7476
2018-07-20,0.7469
2018-07-23,0.7411
2018-07-24,0.7522
2018-07-25,0.7605
2018-07-26,0.7723
2018-07-27,0.7884
2018-07-30,0.7795
2018-07-31,0.7855
2018-08-01,0.777
2018-08-02,0.7776
2018-08-03,0.7777
2018-08-06,0.7733
2018-08-07,0.7729
2018-08-08,0.776
2018-08-09,0.7638
2018-08-10,0.7607
2018-08-13,0.7622
2018-08-14,0.7693
2018-08-15,0.7767
2018-08-16,0.7702
2018-08-17,0.7458
2018-08-20,0.7405
2018-08-21,0.7214
2018-08-22,0.7045
2018-08-23,0.6893
2018-08-24,0.7029
2018-08-27,0.6959
2018-08-28,0.6985
2018-08-29,0.701
2018-08-30,0.7004
2018-08-31,0.7034
2018-09-03,0.7071
2018-09-04,0.646
2018-09-05,0.6698
2018-09-06,0.6314
2018-09-07,0.6256
2018-09-10,0.6166
2018-09-11,0.6144
2018-09-12,0.6043
2018-09-13,0.6084
2018-09-14,0.6077
2018-09-17,0.6074
2018-09-18,0.6091
2018-09-19,0.6154
2018-09-20,0.5967
2018-09-21,0.6036
2018-09-25,0.5916
2018-09-26,0.5953
2018-09-27,0.6031
2018-09-28,0.624
2018-10-08,0.6256
2018-10-09,0.7778
2018-10-10,0.7286
2018-10-11,0.8882
2018-10-12,1.0038
2018-10-15,0.6232
2018-10-16,0.6172
2018-10-17,0.6083
2018-10-18,0.6262
2018-10-19,0.5999
2018-10-22,0.5965
2018-10-23,0.5954
2018-10-24,0.5889
2018-10-25,0.5953
2018-10-26,0.5924
2018-10-29,0.5891
2018-10-30,0.596
2018-10-31,0.5742
2018-11-01,0.5731
2018-11-02,0.5728
2018-11-05,0.5731
2018-11-06,0.5759
2018-11-07,0.5874
2018-11-08,0.6301
2018-11-09,0.5954
2018-11-12,0.5696
2018-11-13,0.5643
2018-11-14,0.5701
2018-11-15,0.7685
2018-11-16,0.5813
2018-11-19,0.5616
2018-11-20,0.5604
2018-11-21,0.5696
2018-11-22,0.5554
2018-11-23,0.5808
2018-11-26,0.581
2018-11-27,0.5745
2018-11-28,0.5724
2018-11-29,0.5846
2018-11-30,0.5573
2018-12-03,1.1031
2018-12-04,0.5493
2018-12-05,0.5457
2018-12-06,0.5506
2018-12-07,0.5524
2018-12-10,1.6453
2018-12-11,0.5449
2018-12-12,0.5409
2018-12-13,0.5339
2018-12-14,1.9047
2018-12-17,0.5526
2018-12-18,0.5613
2018-12-19,0.4385
2018-12-20,0.5532
2018-12-21,2.369
2018-12-24,2.8888
2018-12-25,1.0249
2018-12-26,0.928
2018-12-27,1.1896
2018-12-28,1.2762
2019-01-01,1.2782
2019-01-02,1.0335
2019-01-03,0.7976
2019-01-04,0.6959
2019-01-07,0.705
2019-01-08,0.6351
2019-01-09,0.6133
2019-01-10,0.597
2019-01-11,0.5918
2019-01-14,0.5912
2019-01-15,0.5987
2019-01-16,0.613
2019-01-17,0.6054
2019-01-18,0.5994
2019-01-21,0.5983
2019-01-22,0.6
2019-01-23,0.6042
2019-01-24,0.6144
2019-01-25,0.6015
2019-01-28,0.604
2019-01-29,0.6388
2019-01-30,0.6147
2019-01-31,0.6489
2019-02-01,0.6382
2019-02-11,0.634
2019-02-12,0.5967
2019-02-13,0.5797
2019-02-14,0.5654
2019-02-15,0.572
2019-02-18,0.5648
2019-02-19,0.5625
2019-02-20,0.565
2019-02-21,0.5675
2019-02-22,0.5617
2019-02-25,1.6133
2019-02-26,0.5974
2019-02-27,0.6012
2019-02-28,0.6123
2019-03-01,0.6019
2019-03-04,0.5736
2019-03-05,0.5109
2019-03-06,0.5244
2019-03-07,0.5176
2019-03-08,0.5824
2019-03-11,0.5253
2019-03-12,0.5241
2019-03-13,0.5239
2019-03-14,0.5032
2019-03-15,0.5205
2019-03-18,2.2865
2019-03-19,0.5291
2019-03-20,0.569
2019-03-21,0.563
2019-03-22,0.5656
2019-03-25,0.9019
2019-03-26,1.2485
2019-03-27,0.6065
2019-03-28,0.6221
2019-03-29,0.609
2019-04-01,0.6151
2019-04-02,0.5762
2019-04-03,0.4962
2019-04-04,0.4987
2019-04-08,0.568
2019-04-09,0.4841
2019-04-10,0.4856
2019-04-11,0.5066
2019-04-12,0.9226
2019-04-15,1.3448
2019-04-16,0.527
2019-04-17,0.5368
2019-04-18,0.5469
2019-04-19,1.1025
2019-04-22,0.5569
2019-04-23,0.5582
2019-04-24,0.5757
2019-04-25,0.5644
2019-04-26,0.5578
2019-04-29,0.5489
2019-04-30,0.5593
2019-05-06,0.5761
2019-05-07,0.5706
2019-05-08,0.5149
2019-05-09,0.4955
2019-05-10,0.507
2019-05-13,0.502
2019-05-14,0.5047
2019-05-15,0.5056
2019-05-16,0.5225
2019-05-17,0.5232
2019-05-20,0.5356
2019-05-21,0.5334
2019-05-22,0.5263
2019-05-23,0.5445
2019-05-24,0.5396
2019-05-27,0.5442
2019-05-28,0.4778
2019-05-29,0.545
2019-05-30,0.5328
2019-05-31,0.5516
2019-06-03,0.5361
2019-06-04,0.5623
2019-06-05,0.5495
2019-06-06,0.7549
2019-06-10,2.9181
2019-06-11,0.536
2019-06-12,0.5235
2019-06-13,0.3123
2019-06-14,0.2957
2019-06-17,1.4549
2019-06-18,0.4913
2019-06-19,0.5077
2019-06-20,0.5536
2019-06-21,0.5407
2019-06-24,1.2604
2019-06-25,0.6095
2019-06-26,0.6102
2019-06-27,0.561
2019-06-28,0.6249
2019-07-01,0.5079
2019-07-02,0.4921
2019-07-03,0.4702
2019-07-04,0.4509
2019-07-05,0.4449
2019-07-08,0.4205
2019-07-09,0.4158
2019-07-10,0.414
2019-07-11,0.4338
2019-07-12,0.4643
2019-07-15,0.6937
2019-07-16,0.4597
2019-07-17,0.4619
2019-07-18,0.4829
2019-07-19,0.5138
2019-07-22,0.5213
2019-07-23,1.0179
2019-07-24,0.6586
2019-07-25,0.5002
2019-07-26,0.5206
2019-07-29,0.5257
2019-07-30,0.5206
2019-07-31,0.4993
2019-08-01,0.5252
2019-08-02,0.5353
2019-08-05,0.5329
2019-08-06,0.5289
2019-08-07,0.5227
2019-08-08,0.5073
2019-08-09,0.5098
2019-08-12,0.5146
2019-08-13,0.5125
2019-08-14,0.5164
2019-08-15,0.5273
2019-08-16,0.5286
2019-08-19,0.5346
2019-08-20,0.5493
2019-08-21,0.8483
2019-08-22,0.5494
2019-08-23,0.5491
2019-08-26,0.553
2019-08-27,0.5638
2019-08-28,0.5672
2019-08-29,0.541
2019-08-30,0.5617
2019-09-02,0.555
2019-09-03,0.5474
2019-09-04,0.5445
2019-09-05,0.5393
2019-09-06,0.5318
2019-09-09,0.8559
2019-09-10,0.5467
2019-09-11,0.9217
2019-09-12,0.5478
2019-09-16,1.5767
2019-09-17,0.5606
2019-09-18,0.5279
2019-09-19,1.8006
2019-09-20,0.6994
2019-09-23,0.5879
2019-09-24,0.619
2019-09-25,0.6964
2019-09-26,0.6384
2019-09-27,0.6715
2019-09-30,0.6401
2019-10-08,0.6271
2019-10-09,0.5938
2019-10-10,0.5858
2019-10-11,0.5841
2019-10-14,0.6933
2019-10-15,0.5777
2019-10-16,0.576
2019-10-17,0.5748
2019-10-18,0.5886
2019-10-21,0.7251
2019-10-22,0.5809
2019-10-23,0.5841
2019-10-24,0.5944
2019-10-25,0.6002
2019-10-28,0.588
2019-10-29,0.5971
2019-10-30,0.604
2019-10-31,0.5803
2019-11-01,0.5854
2019-11-04,0.5891
2019-11-05,0.5816
2019-11-06,0.569
2019-11-07,0.6318
2019-11-08,0.5594
2019-11-11,0.5545
2019-11-12,0.5574
2019-11-13,0.5774
2019-11-14,0.5685
2019-11-15,0.574
2019-11-18,0.6697
2019-11-19,0.7138
2019-11-20,0.6319
2019-11-21,0.599
2019-11-22,0.6066
2019-11-25,0.7598
2019-11-26,0.5827
2019-11-27,0.5688
2019-11-28,0.6275
2019-11-29,0.5849
2019-12-02,0.5797
2019-12-03,0.5899
2019-12-04,0.5919
2019-12-05,0.7555
2019-12-06,0.5759
2019-12-09,0.5638
2019-12-10,0.7928
2019-12-11,0.5725
2019-12-12,0.5757
2019-12-13,0.5751
2019-12-16,0.8203
2019-12-17,0.5636
2019-12-18,0.7064
2019-12-19,0.5955
2019-12-20,0.5921
2019-12-23,0.6133
2019-12-24,0.9688
2019-12-25,0.7129
2019-12-26,0.6622
2019-12-27,0.6636
2019-12-30,0.6676
2019-12-31,0.704
2020-01-01,0.6788
2020-01-02,0.6689
2020-01-03,0.663
2020-01-06,0.6464
2020-01-07,0.6246
2020-01-08,0.6212
2020-01-09,0.6268
2020-01-10,0.6296
2020-01-13,0.6256
2020-01-14,0.634
2020-01-15,0.617
2020-01-16,0.8145
2020-01-17,0.6209
2020-01-20,0.6467
2020-01-21,0.6611
2020-01-22,0.6696
2020-01-23,0.6524
2020-02-03,0.6344
2020-02-04,0.642
2020-02-05,0.6225
2020-02-06,0.6158
2020-02-07,0.6122
2020-02-10,0.5962
2020-02-11,0.591
2020-02-12,0.6313
2020-02-13,0.5931
2020-02-14,0.6472
2020-02-17,0.5868
2020-02-18,0.5729
2020-02-19,0.5772
2020-02-20,0.5829
2020-02-21,0.5885
2020-02-24,0.5823
2020-02-25,0.5797
2020-02-26,0.5619
2020-02-27,0.5657
2020-02-28,0.5746
2020-03-02,0.573
2020-03-03,0.6875
2020-03-04,0.5665
2020-03-05,0.5559
2020-03-06,0.5479
2020-03-09,0.5428
2020-03-10,0.762
2020-03-11,0.5384
2020-03-12,0.5484
2020-03-13,0.555
2020-03-16,0.5617
2020-03-17,0.7557
2020-03-18,0.534
2020-03-19,0.5306
2020-03-20,0.5113
2020-03-23,0.5292
2020-03-24,0.7592
2020-03-25,0.499
2020-03-26,0.4478
2020-03-27,0.5107
2020-03-30,0.4561
2020-03-31,0.4667
2020-04-01,0.4855
2020-04-02,0.4658
2020-04-03,0.4587
2020-04-07,0.4633
2020-04-08,0.4359
2020-04-09,0.4376
2020-04-10,0.4387
2020-04-13,0.4281
2020-04-14,0.5035
2020-04-15,0.4122
2020-04-16,0.4142
2020-04-17,0.4149
2020-04-20,0.4062
2020-04-21,0.4008
2020-04-22,0.3833
2020-04-23,0.3808
2020-04-24,0.3842
2020-04-27,0.3819
2020-04-28,0.3764
2020-04-29,0.4015
2020-04-30,0.3955
2020-05-06,0.3841
2020-05-07,0.3868
2020-05-08,0.3749
2020-05-11,0.3674
2020-05-12,0.5307
2020-05-13,0.3642
2020-05-14,0.3657
2020-05-15,0.4102
2020-05-18,0.357
2020-05-19,0.3995
2020-05-20,0.357
2020-05-21,0.3791
2020-05-22,0.4223
2020-05-25,0.3646
2020-05-26,0.3651
2020-05-27,0.3757
2020-05-28,0.3675
2020-05-29,0.3918
2020-06-01,0.3852
2020-06-02,0.3816
2020-06-03,0.3806
2020-06-04,0.3677
2020-06-05,0.4013
2020-06-08,0.5448
2020-06-09,0.3794
2020-06-10,0.461
2020-06-11,0.384
2020-06-12,0.5881
2020-06-15,0.3926
2020-06-16,0.4465
2020-06-17,0.3996
2020-06-18,0.3916
2020-06-19,0.4058
2020-06-22,0.6374
2020-06-23,0.4176
2020-06-24,0.5018
2020-06-29,0.5007
2020-06-30,0.5386
2020-07-01,0.4901
2020-07-02,0.4605
2020-07-03,0.439
2020-07-06,0.4153
2020-07-07,0.4012
2020-07-08,0.4062
2020-07-09,0.4049
2020-07-10,0.4165
2020-07-13,0.4283
2020-07-14,0.4185
2020-07-15,0.4216
2020-07-16,0.4105
2020-07-17,0.4088
2020-07-20,0.412
2020-07-21,0.4113
2020-07-22,0.4019
2020-07-23,0.403
2020-07-24,0.4027
2020-07-27,0.4007
2020-07-28,0.4112
2020-07-29,0.4203
2020-07-30,0.4189
2020-07-31,0.4191
2020-08-03,0.4081
2020-08-04,0.4119
2020-08-05,0.4102
2020-08-06,0.4099
2020-08-07,0.4089
2020-08-10,0.4174
2020-08-11,0.4061
2020-08-12,0.4105
2020-08-13,0.4079
2020-08-14,0.4098
2020-08-17,0.4146
2020-08-18,0.4628
2020-08-19,0.4296
2020-08-20,0.431
2020-08-21,0.4313
2020-08-24,0.4351
2020-08-25,0.4353
2020-08-26,0.4858
2020-08-27,0.453
2020-08-28,0.5165
2020-08-31,0.4433
2020-09-01,0.4364
2020-09-02,0.4476
2020-09-03,0.4446
2020-09-04,0.438
2020-09-07,0.4366
2020-09-08,0.4338
2020-09-09,0.45
2020-09-10,0.4488
2020-09-11,0.4544
2020-09-14,0.4456
2020-09-15,0.4438
2020-09-16,0.49
2020-09-17,0.4557
2020-09-18,0.4568
2020-09-21,0.4567
2020-09-22,0.4753
2020-09-23,0.4873
2020-09-24,0.4905
2020-09-25,0.589
2020-09-28,0.5498
2020-09-29,0.6249
2020-09-30,0.6282
2020-10-09,0.514
2020-10-12,0.483
2020-10-13,0.4632
2020-10-14,0.4641
2020-10-15,0.4783
2020-10-16,0.5006
2020-10-19,0.4802
2020-10-20,0.4868
2020-10-21,0.4848
2020-10-22,0.5936
2020-10-23,0.5989
2020-10-26,0.5143
2020-10-27,0.5204
2020-10-28,0.5529
2020-10-29,0.5629
2020-10-30,0.5695
2020-11-02,0.5606
2020-11-03,0.5603
2020-11-04,0.5206
2020-11-05,0.6276
2020-11-06,0.5184
2020-11-09,0.5116
2020-11-10,0.5138
2020-11-11,0.5284
2020-11-12,0.6391
2020-11-13,0.5538
2020-11-16,0.558
2020-11-17,0.6537
2020-11-18,0.5526
2020-11-19,0.5792
2020-11-20,0.4554
2020-11-23,0.4413
2020-11-24,0.5345
2020-11-25,0.5572
2020-11-26,0.671
2020-11-27,0.5972
2020-11-30,0.5875
2020-12-01,0.8417
2020-12-02,0.9199
2020-12-03,0.6772
2020-12-04,0.5827
2020-12-07,0.5762
2020-12-08,0.757
2020-12-09,0.7946
2020-12-10,0.6543
2020-12-11,0.6824
2020-12-14,0.5907
2020-12-15,0.8742
2020-12-16,0.7289
2020-12-17,0.5928
2020-12-18,0.7067
2020-12-21,0.591
2020-12-22,0.7322
2020-12-23,0.7291
2020-12-24,0.6863
2020-12-25,0.6769
2020-12-28,0.6396
2020-12-29,0.6575
2020-12-30,0.651
2020-12-31,0.6319
2021-01-04,0.6162
2021-01-05,0.5883
2021-01-06,0.5571
2021-01-07,0.587
2021-01-08,0.6802
2021-01-11,0.5923
2021-01-12,0.5892
2021-01-13,0.5336
2021-01-14,0.5474
2021-01-15,0.525
2021-01-18,0.6371
2021-01-19,0.5823
2021-01-20,0.7727
2021-01-21,0.5325
2021-01-22,0.5783
2021-01-25,0.5558
2021-01-26,0.5952
2021-01-27,0.524
2021-01-28,0.5072
2021-01-29,0.6376
2021-02-01,0.5561
2021-02-02,0.6161
2021-02-03,0.6301
2021-02-04,0.5798
2021-02-05,0.5539
2021-02-08,0.507
2021-02-09,0.5931
2021-02-10,0.5585
2021-02-18,0.5208
2021-02-19,0.5224
2021-02-22,0.5176
2021-02-23,0.5158
2021-02-24,0.4955
2021-02-25,0.4919
2021-02-26,0.5269
2021-03-01,0.5157
2021-03-02,0.5374
2021-03-03,0.4984
2021-03-04,0.5313
2021-03-05,0.4859
2021-03-08,0.4794
2021-03-09,0.558
2021-03-10,0.4695
2021-03-11,0.7813
2021-03-12,0.5204
2021-03-15,0.4728
2021-03-16,0.5683
2021-03-17,0.4899
2021-03-18,0.6227
2021-03-19,0.529
2021-03-22,0.4991
2021-03-23,0.4997
2021-03-24,0.4919
2021-03-25,0.6106
2021-03-26,0.5495
2021-03-29,0.5026
2021-03-30,0.7061
2021-03-31,0.5384
2021-04-01,0.5521
2021-04-02,0.545
2021-04-06,0.5055
2021-04-07,0.5744
2021-04-08,0.4786
2021-04-09,0.5594
2021-04-12,0.481
2021-04-13,0.5822
2021-04-14,0.5142
2021-04-15,0.5148
2021-04-16,0.4788
2021-04-19,0.5414
2021-04-20,0.5427
2021-04-21,0.5646
2021-04-22,0.483
2021-04-23,0.5077
2021-04-26,0.5401
2021-04-27,0.6018
2021-04-28,0.501
2021-04-29,0.5075
2021-04-30,0.5086
2021-05-06,0.5574
2021-05-07,0.5666
2021-05-10,0.4795
2021-05-11,0.4774
2021-05-12,0.4821
2021-05-13,0.5903
2021-05-14,0.5566
2021-05-17,0.4731
2021-05-18,0.4714
2021-05-19,0.4958
2021-05-20,0.5782
2021-05-21,0.5823
2021-05-24,0.4842
2021-05-25,0.4808
2021-05-26,0.4994
2021-05-27,0.5931
2021-05-28,0.5845
2021-05-31,0.5226
2021-06-01,0.5233
2021-06-02,0.5226
2021-06-03,0.6353
2021-06-04,0.5034
2021-06-07,0.5852
2021-06-08,0.4743
2021-06-09,0.5058
2021-06-10,0.5662
2021-06-11,0.5334
2021-06-15,0.4744
2021-06-16,0.5378
2021-06-17,0.5311
2021-06-18,0.6285
2021-06-21,0.481
2021-06-22,0.5035
2021-06-23,0.4581
2021-06-24,0.5477
2021-06-25,0.5847
2021-06-28,0.4347
2021-06-29,0.6003
2021-06-30,0.6517
2021-07-01,0.6019
2021-07-02,0.6571
2021-07-05,0.5728
2021-07-06,0.5032
2021-07-07,0.5116
2021-07-08,0.4785
2021-07-09,0.48
2021-07-12,0.5402
2021-07-13,0.5417
2021-07-14,0.4718
2021-07-15,0.4785
2021-07-16,0.5474
2021-07-19,0.5251
2021-07-20,0.5083
2021-07-21,0.4958
2021-07-22,0.5053
2021-07-23,0.5723
2021-07-26,0.4804
2021-07-27,0.4602
2021-07-28,0.4824
2021-07-29,0.5225
2021-07-30,0.6418
2021-08-02,0.5088
2021-08-03,0.5006
2021-08-04,0.6209
2021-08-05,0.4546
2021-08-06,0.4386
2021-08-09,0.4708
2021-08-10,0.4433
2021-08-11,0.5687
2021-08-12,0.4482
2021-08-13,0.4476
2021-08-16,0.4498
2021-08-17,0.4421
2021-08-18,0.4494
2021-08-19,0.4413
2021-08-20,0.5389
2021-08-23,0.4395
2021-08-24,0.5003
2021-08-25,0.4529
2021-08-26,0.4414
2021-08-27,0.4396
2021-08-30,0.4238
2021-08-31,0.4627
2021-09-01,0.4699
2021-09-02,0.4688
2021-09-03,0.447
2021-09-06,0.4421
2021-09-07,0.4475
2021-09-08,0.44
2021-09-09,0.4569
2021-09-10,0.6413
2021-09-13,0.4763
2021-09-14,0.4475
2021-09-15,0.4445
2021-09-16,0.4543
2021-09-17,0.5184
2021-09-22,0.4593
2021-09-23,0.4574
2021-09-24,0.4453
2021-09-27,0.4665
2021-09-28,0.5336
2021-09-29,0.0875
2021-09-30,0.3113
2021-10-08,0.5013
2021-10-11,0.5289
2021-10-12,0.4395
2021-10-13,0.4739
2021-10-14,0.4868
2021-10-15,0.4496
2021-10-18,0.4475
2021-10-19,0.4819
2021-10-20,0.4386
2021-10-21,0.5316
2021-10-22,0.4439
2021-10-25,0.5496
2021-10-26,0.4508
2021-10-27,0.4675
2021-10-28,0.4851
2021-10-29,0.6692
2021-11-01,0.6435
2021-11-02,0.6183
2021-11-03,0.4218
2021-11-04,0.5112
2021-11-05,0.7673
2021-11-08,0.5397
2021-11-09,0.3572
2021-11-10,0.4398
2021-11-11,0.3581
2021-11-12,0.421
2021-11-15,0.7874
2021-11-16,0.4288
2021-11-17,0.523
2021-11-18,0.484
2021-11-19,0.4321
2021-11-22,0.4317
2021-11-23,0.4289
2021-11-24,0.4713
2021-11-25,0.4133
2021-11-26,0.4113
2021-11-29,0.4355
2021-11-30,0.4469
2021-12-01,0.6239
2021-12-02,0.4368
2021-12-03,0.444
2021-12-04,0.4445
2021-12-05,0.4625
2021-12-06,1.5572
2021-12-07,0.4532
2021-12-08,0.4575
2021-12-09,0.4266
2021-12-10,0.5108
2021-12-11,0.4619
2021-12-12,0.4537
2021-12-13,0.8052
2021-12-14,0.5248
2021-12-15,0.5432
2021-12-16,0.6336
2021-12-17,0.7272
2021-12-18,0.4701
2021-12-19,0.47
2021-12-20,0.4961
2021-12-21,0.4766
2021-12-22,0.4775
2021-12-23,0.4795
2021-12-24,0.4814
2021-12-25,0.473
2021-12-26,0.473
2021-12-27,0.4779
2021-12-28,0.5389
2021-12-29,0.628
2021-12-30,0.7056
2021-12-31,0.4896
2022-01-01,0.4673
2022-01-02,0.4673
2022-01-03,0.4673
2022-01-04,0.5285
2022-01-05,0.4926
2022-01-06,0.4429
2022-01-07,0.4182
2022-01-08,0.4088
2022-01-09,0.4088
2022-01-10,0.4491
2022-01-11,0.4073
2022-01-12,0.4071
2022-01-13,0.6541
2022-01-14,0.4685
2022-01-15,0.4363
2022-01-16,0.4362
2022-01-17,0.4359
2022-01-18,0.4322
2022-01-19,0.3841
2022-01-20,0.3857
2022-01-21,0.7325
2022-01-22,0.4407
2022-01-23,0.4407
2022-01-24,0.4376
2022-01-25,0.431
2022-01-26,0.4393
2022-01-27,0.5261
2022-01-28,0.5692
2022-01-29,0.4658
2022-01-30,0.4658
2022-01-31,0.4658
2022-02-01,0.4657
2022-02-02,0.4603
2022-02-03,0.4552
2022-02-04,0.4552
2022-02-05,0.4551
2022-02-06,0.4551
2022-02-07,0.4583
2022-02-08,0.5675
2022-02-09,0.4544
2022-02-10,0.4315
2022-02-11,0.5129
2022-02-12,0.4294
2022-02-13,0.4294
2022-02-14,0.5527
2022-02-15,0.6364
2022-02-16,0.6319
2022-02-17,0.468
2022-02-18,0.4178
2022-02-19,0.4096
2022-02-20,0.4096
2022-02-21,0.3817
2022-02-22,0.708
2022-02-23,0.4273
2022-02-24,0.5373
2022-02-25,0.4656
2022-02-26,0.4184
2022-02-27,0.4184
2022-02-28,0.3915
2022-03-01,0.5702
2022-03-02,0.4116
2022-03-03,0.4817
2022-03-04,0.4929
2022-03-05,0.3863
2022-03-06,0.3863
2022-03-07,0.4188
2022-03-08,0.4306
2022-03-09,0.588
2022-03-10,0.4344
2022-03-11,0.7921
2022-03-12,0.428
2022-03-13,0.428
2022-03-14,0.5157
2022-03-15,0.5262
2022-03-16,0.7088
2022-03-17,0.4378
2022-03-18,0.4313
2022-03-19,0.43
2022-03-20,0.4299
2022-03-21,0.4395
2022-03-22,0.4326
2022-03-23,0.4316
2022-03-24,0.4532
2022-03-25,0.8918
2022-03-26,0.4324
2022-03-27,0.4324
2022-03-28,0.4655
2022-03-29,0.4777
2022-03-30,0.4719
2022-03-31,0.4655
2022-04-01,0.4654
2022-04-02,0.5996
2022-04-03,0.4634
2022-04-04,0.4634
2022-04-05,0.4633
2022-04-06,0.3934
2022-04-07,0.3979
2022-04-08,0.3822
2022-04-09,0.3781
2022-04-10,0.3781
2022-04-11,0.658
2022-04-12,0.5145
2022-04-13,0.3874
2022-04-14,0.6434
2022-04-15,0.5527
2022-04-16,0.3947
2022-04-17,0.3947
2022-04-18,0.3912
2022-04-19,0.3904
2022-04-20,0.5929
2022-04-21,0.378
2022-04-22,0.6136
2022-04-23,0.3812
2022-04-24,0.3812
2022-04-25,0.3769
2022-04-26,0.4068
2022-04-27,0.4036
2022-04-28,0.3603
2022-04-29,0.3961
2022-04-30,0.4001
2022-05-01,0.4001
2022-05-02,0.4001
2022-05-03,0.4001
2022-05-04,0.4001
2022-05-05,0.3937
2022-05-06,0.3359
2022-05-07,0.3622
2022-05-08,0.3307
2022-05-09,0.3667
2022-05-10,0.3796
2022-05-11,0.3951
2022-05-12,0.5151
2022-05-13,0.7093
2022-05-14,0.3578
2022-05-15,0.3578
2022-05-16,0.352
2022-05-17,0.3553
2022-05-18,0.5458
2022-05-19,0.4512
2022-05-20,0.3562
2022-05-21,0.3533
2022-05-22,0.3533
2022-05-23,0.39
2022-05-24,0.359
2022-05-25,0.3589
2022-05-26,0.4622
2022-05-27,0.7331
2022-05-28,0.369
2022-05-29,0.362
2022-05-30,0.3754
2022-05-31,0.3696
2022-06-01,0.3872
2022-06-02,0.4955
2022-06-03,0.3766
2022-06-04,0.3732
2022-06-05,0.3732
2022-06-06,0.6826
2022-06-07,0.4727
2022-06-08,0.3444
2022-06-09,0.3527
2022-06-10,0.3464
2022-06-11,0.3461
2022-06-12,0.3461
2022-06-13,0.4542
2022-06-14,1.0314
2022-06-15,0.3333
2022-06-16,0.3366
2022-06-17,0.3413
2022-06-18,0.3357
2022-06-19,0.3357
2022-06-20,0.6073
2022-06-21,0.3392
2022-06-22,0.5463
2022-06-23,0.3414
2022-06-24,0.4388
2022-06-25,0.3447
2022-06-26,0.3447
2022-06-27,0.3526
2022-06-28,0.355
2022-06-29,0.3687
2022-06-30,0.4591
2022-07-01,0.4173
2022-07-02,0.4189
2022-07-03,0.4189
2022-07-04,0.4108
2022-07-05,0.4737
2022-07-06,0.4495
2022-07-07,0.3117
2022-07-08,0.4226
2022-07-09,0.3201
2022-07-10,0.3201
2022-07-11,0.3167
2022-07-12,0.5596
2022-07-13,0.2964
2022-07-14,0.5689
2022-07-15,0.3098
2022-07-16,0.3118
2022-07-17,0.3118
2022-07-18,0.3124
2022-07-19,0.3084
2022-07-20,0.395
2022-07-21,0.3083
2022-07-22,0.5271
2022-07-23,0.3039
2022-07-24,0.2979
2022-07-25,0.3043
2022-07-26,0.2975
2022-07-27,0.6345
2022-07-28,0.7761
2022-07-29,0.225
2022-07-30,0.3251
2022-07-31,0.3251
2022-08-01,0.3196
2022-08-02,0.2796
2022-08-03,0.2776
2022-08-04,0.3336
2022-08-05,0.2577
2022-08-06,0.257
2022-08-07,0.257
2022-08-08,0.2533
2022-08-09,0.2492
2022-08-10,0.2558
2022-08-11,0.2452
2022-08-12,0.2636
2022-08-13,0.2487
2022-08-14,0.2487
2022-08-15,0.245
2022-08-16,0.2498
2022-08-17,0.2432
2022-08-18,0.2323
2022-08-19,0.2805
2022-08-20,0.2476
2022-08-21,0.2476
2022-08-22,0.2461
2022-08-23,0.2459
2022-08-24,0.2354
2022-08-25,0.2507
2022-08-26,0.2799
2022-08-27,0.2506
2022-08-28,0.2506
2022-08-29,0.2311
2022-08-30,0.3691
2022-08-31,0.317
2022-09-01,0.3766
2022-09-02,0.2676
2022-09-03,0.1921
2022-09-04,0.1921
2022-09-05,0.3136
2022-09-06,0.2585
2022-09-07,0.2561
2022-09-08,0.2599
2022-09-09,0.2677
2022-09-10,0.2603
2022-09-11,0.2552
2022-09-12,0.2552
2022-09-13,0.4881
2022-09-14,0.2607
2022-09-15,0.2573
2022-09-16,0.2453
2022-09-17,0.2609
2022-09-18,0.2609
2022-09-19,0.2603
2022-09-20,0.265
2022-09-21,0.3298
2022-09-22,0.2689
2022-09-23,0.2731
2022-09-24,0.269
2022-09-25,0.269
2022-09-26,0.2637
2022-09-27,0.2736
2022-09-28,0.3362
2022-09-29,0.3077
2022-09-30,0.3125
2022-10-01,0.3114
2022-10-02,0.3114
2022-10-03,0.3098
2022-10-04,0.3098
2022-10-05,0.3097
2022-10-06,0.293
2022-10-07,0.293
2022-10-08,0.2997
2022-10-09,0.2997
2022-10-10,0.3101
2022-10-11,0.2587
2022-10-12,0.2858
2022-10-13,0.3895
2022-10-14,0.2516
2022-10-15,0.2541
2022-10-16,0.2541
2022-10-17,0.2484
2022-10-18,0.6068
2022-10-19,0.2507
2022-10-20,0.2478
2022-10-21,0.4121
2022-10-22,0.239
2022-10-23,0.239
2022-10-24,0.2499
2022-10-25,0.3467
2022-10-26,0.2782
2022-10-27,0.2999
2022-10-28,0.7109
2022-10-29,0.261
2022-10-30,0.261
2022-10-31,0.2243
2022-11-01,0.2546
2022-11-02,0.2183
2022-11-03,0.5049
2022-11-04,0.2653
2022-11-05,0.2653
2022-11-06,0.2653
2022-11-07,0.2642
2022-11-08,0.2656
2022-11-09,0.2728
2022-11-10,0.2807
2022-11-11,0.41
2022-11-12,0.2955
2022-11-13,0.2954
2022-11-14,0.294
2022-11-15,0.2926
2022-11-16,0.3008
2022-11-17,0.3105
2022-11-18,0.475
2022-11-19,0.3041
2022-11-20,0.3041
2022-11-21,0.2299
2022-11-22,0.2216
2022-11-23,0.2249
2022-11-24,0.2264
2022-11-25,0.4536
2022-11-26,0.2914
2022-11-27,0.2914
2022-11-28,0.3593
2022-11-29,0.2681
2022-11-30,0.2649
2022-12-01,0.257
2022-12-02,0.2468
2022-12-03,0.2161
2022-12-04,0.2161
2022-12-05,0.2982
2022-12-06,0.3059
2022-12-07,0.2165
2022-12-08,0.3016
2022-12-09,0.2984
2022-12-10,0.2984
2022-12-11,0.2984
2022-12-12,0.2974
2022-12-13,0.2679
2022-12-14,0.2861
2022-12-15,0.2838
2022-12-16,0.4772
2022-12-17,0.3129
2022-12-18,0.3129
2022-12-19,0.312
2022-12-20,0.4206
2022-12-21,0.3447
2022-12-22,0.3366
2022-12-23,0.2759
2022-12-24,0.2671
2022-12-25,0.2671
2022-12-26,0.3963
2022-12-27,0.4919
2022-12-28,0.9548
2022-12-29,0.6916
2022-12-30,0.6833
2022-12-31,0.6853
2023-01-01,0.6839
2023-01-02,0.6838
2023-01-03,0.413
2023-01-04,0.3213
2023-01-05,0.3599
2023-01-06,0.3596
2023-01-07,0.3441
2023-01-08,0.3441
2023-01-09,0.3415
2023-01-10,0.3382
2023-01-11,0.3287
2023-01-12,0.3527
2023-01-13,0.3944
2023-01-14,0.3586
2023-01-15,0.3508
2023-01-16,0.3675
2023-01-17,0.3792
2023-01-18,0.428
2023-01-19,0.4445
2023-01-20,0.4388
2023-01-21,0.4386
2023-01-22,0.4385
2023-01-23,0.4385
2023-01-24,0.4385
2023-01-25,0.4385
2023-01-26,0.4291
2023-01-27,0.429
2023-01-28,0.4326
2023-01-29,0.4326
2023-01-30,0.306
2023-01-31,0.4033
2023-02-01,0.3732
2023-02-02,0.347
2023-02-03,0.388
2023-02-04,0.3768
2023-02-05,0.3768
2023-02-06,0.3818
2023-02-07,0.5134
2023-02-08,0.391
2023-02-09,0.4762
2023-02-10,0.3995
2023-02-11,0.4027
2023-02-12,0.4026
2023-02-13,0.3894
2023-02-14,0.3788
2023-02-15,0.3811
2023-02-16,0.3783
2023-02-17,0.2321
2023-02-18,0.3872
2023-02-19,0.3871
2023-02-20,0.2975
2023-02-21,0.2977
2023-02-22,0.3815
2023-02-23,0.336
2023-02-24,0.3503
2023-02-25,0.3489
2023-02-26,0.3489
2023-02-27,0.3756
2023-02-28,0.5626
2023-03-01,0.4056
2023-03-02,0.3333
2023-03-03,0.3339
2023-03-04,0.3238
2023-03-05,0.3238
2023-03-06,0.3471
2023-03-07,0.3549
2023-03-08,0.2029
2023-03-09,0.3626
2023-03-10,0.3641
2023-03-11,0.3648
2023-03-12,0.3648
2023-03-13,0.2639
2023-03-14,0.2957
2023-03-15,0.3594
2023-03-16,0.3835
2023-03-17,0.3897
2023-03-18,0.3896
2023-03-19,0.3896
2023-03-20,0.3106
2023-03-21,0.3922
2023-03-22,0.3893
2023-03-23,0.3853
2023-03-24,0.3668
2023-03-25,0.3661
2023-03-26,0.3661
2023-03-27,0.3509
2023-03-28,0.6776
2023-03-29,0.454
2023-03-30,0.4582
2023-03-31,0.6092
2023-04-01,0.5133
2023-04-02,0.5133
2023-04-03,0.5224
2023-04-04,0.3526
2023-04-05,0.3413
2023-04-06,0.4289
2023-04-07,0.415
2023-04-08,0.3969
2023-04-09,0.3846
2023-04-10,0.3976
2023-04-11,0.3904
2023-04-12,0.3883
2023-04-13,0.3844
2023-04-14,0.3865
2023-04-15,0.3877
2023-04-16,0.3877
2023-04-17,0.3863
2023-04-18,0.3466
2023-04-19,0.5037
2023-04-20,0.8092
2023-04-21,0.3978
2023-04-22,0.4039
2023-04-23,0.4039
2023-04-24,0.3908
2023-04-25,0.369
2023-04-26,0.5432
2023-04-27,0.7249
2023-04-28,0.4845
2023-04-29,0.4136
2023-04-30,0.4136
2023-05-01,0.4136
2023-05-02,0.4136
2023-05-03,0.3976
2023-05-04,0.4038
2023-05-05,0.4648
2023-05-06,0.2727
2023-05-07,0.2727
2023-05-08,0.3859
2023-05-09,0.3204
2023-05-10,0.3906
2023-05-11,0.3853
2023-05-12,0.6959
2023-05-13,0.383
2023-05-14,0.383
2023-05-15,0.3727
2023-05-16,0.3645
2023-05-17,0.3823
2023-05-18,0.3836
2023-05-19,0.3839
2023-05-20,0.3848
2023-05-21,0.3848
2023-05-22,0.3843
2023-05-23,0.3833
2023-05-24,0.3922
2023-05-25,0.3925
2023-05-26,0.3823
2023-05-27,0.3909
2023-05-28,0.3909
2023-05-29,0.4406
2023-05-30,1.2348
2023-05-31,0.4024
2023-06-01,0.4204
2023-06-02,0.2768
2023-06-03,0.2293
2023-06-04,0.2293
2023-06-05,0.3789
2023-06-06,0.3827
2023-06-07,0.3682
2023-06-08,0.3689
2023-06-09,0.3755
2023-06-10,0.3717
2023-06-11,0.3717
2023-06-12,0.3681
2023-06-13,0.3732
2023-06-14,0.3805
2023-06-15,0.3752
2023-06-16,0.3763
2023-06-17,0.3763
2023-06-18,0.3763
2023-06-19,0.3936
2023-06-20,0.3971
2023-06-21,0.3985
2023-06-22,0.3986
2023-06-23,0.3986
2023-06-24,0.3986
2023-06-25,0.3986
2023-06-26,0.3889
2023-06-27,0.3697
2023-06-28,0.3746
2023-06-29,0.2064
2023-06-30,0.3899
2023-07-01,0.4484
2023-07-02,0.4484
2023-07-03,0.4809
2023-07-04,0.8897
2023-07-05,0.5302
2023-07-06,0.442
2023-07-07,1.6865
2023-07-08,0.4145
2023-07-09,0.4145
2023-07-10,0.4143
2023-07-11,0.3687
2023-07-12,0.3956
2023-07-13,0.3933
2023-07-14,0.3922
2023-07-15,0.3871
2023-07-16,0.3871
2023-07-17,0.3818
2023-07-18,0.3694
2023-07-19,0.3773
2023-07-20,0.3743
2023-07-21,1.0653
2023-07-22,0.3751
2023-07-23,0.3751
2023-07-24,0.373
2023-07-25,0.3738
2023-07-26,0.2367
2023-07-27,0.3761
2023-07-28,0.3625
2023-07-29,0.3839
2023-07-30,0.3839
2023-07-31,0.389
2023-08-01,0.392
2023-08-02,0.4067
2023-08-03,0.4198
2023-08-04,0.3944
2023-08-05,0.3946
2023-08-06,0.3946
2023-08-07,0.3521
2023-08-08,0.3739
2023-08-09,0.4093
2023-08-10,0.4068
2023-08-11,0.4122
2023-08-12,0.4122
2023-08-13,0.4122
2023-08-14,0.4091
2023-08-15,0.4399
2023-08-16,0.4283
2023-08-17,0.405
2023-08-18,0.6081
2023-08-19,0.4188
2023-08-20,0.4188
2023-08-21,0.4392
2023-08-22,0.4654
2023-08-23,0.4549
2023-08-24,0.463
2023-08-25,0.4611
2023-08-26,0.4617
2023-08-27,0.4617
2023-08-28,0.435
2023-08-29,0.4399
2023-08-30,0.4783
2023-08-31,3.1559
2023-09-01,0.4639
2023-09-02,0.4597
2023-09-03,0.4597
2023-09-04,0.4505
2023-09-05,0.437
2023-09-06,0.4488
2023-09-07,0.461
2023-09-08,0.433
2023-09-09,0.4224
2023-09-10,0.4224
2023-09-11,0.49
2023-09-12,0.4496
2023-09-13,0.4544
2023-09-14,0.4708
2023-09-15,0.4876
2023-09-16,0.4883
2023-09-17,0.4883
2023-09-18,0.4689
2023-09-19,0.4539
2023-09-20,0.4577
2023-09-21,0.4552
2023-09-22,0.4684
2023-09-23,0.4636
2023-09-24,0.4636
2023-09-25,0.4875
2023-09-26,0.5278
2023-09-27,0.4647
2023-09-28,0.6876
2023-09-29,0.5951
2023-09-30,0.595
2023-10-01,0.595
2023-10-02,0.595
2023-10-03,0.595
2023-10-04,0.5949
2023-10-05,0.5949
2023-10-06,0.5949
2023-10-07,0.5949
2023-10-08,0.5948
2023-10-09,0.478
2023-10-10,0.4579
2023-10-11,0.4755
2023-10-12,0.4996
2023-10-13,0.4935
2023-10-14,0.4929
2023-10-15,0.4928
2023-10-16,0.5034
2023-10-17,0.5174
2023-10-18,0.5489
2023-10-19,0.5483
2023-10-20,0.5326
2023-10-21,0.5338
2023-10-22,0.5337
2023-10-23,0.5737
2023-10-24,0.583
2023-10-25,0.4651
2023-10-26,0.4769
2023-10-27,0.3833
2023-10-28,0.4432
2023-10-29,0.4432
2023-10-30,0.5695
2023-10-31,0.634
2023-11-01,0.5009
2023-11-02,0.5172
2023-11-03,0.531
2023-11-04,0.5309
2023-11-05,0.5309
2023-11-06,0.5347
2023-11-07,0.5243
2023-11-08,0.5089
2023-11-09,0.531
2023-11-10,0.5425
2023-11-11,0.546
2023-11-12,0.546
2023-11-13,0.547
2023-11-14,0.5315
2023-11-15,0.5013
2023-11-16,0.5146
2023-11-17,0.5389
2023-11-18,0.5395
2023-11-19,0.5394
2023-11-20,0.5317
2023-11-21,0.5302
2023-11-22,0.5498
2023-11-23,0.6602
2023-11-24,0.6114
2023-11-25,0.5575
2023-11-26,0.5156
2023-11-27,0.4255
2023-11-28,0.5527
2023-11-29,0.7362
2023-11-30,0.7803
2023-12-01,0.5065
2023-12-02,0.5089
2023-12-03,0.5089
2023-12-04,0.5072
2023-12-05,0.5287
2023-12-06,0.5244
2023-12-07,0.5379
2023-12-08,0.5477
2023-12-09,0.5477
2023-12-10,0.5477
2023-12-11,0.5526
2023-12-12,0.5265
2023-12-13,0.5264
2023-12-14,0.5568
2023-12-15,0.5631
2023-12-16,0.5763
2023-12-17,0.5763
2023-12-18,0.5831
2023-12-19,0.5318
2023-12-20,0.5553
2023-12-21,0.595
2023-12-22,0.55
2023-12-23,0.5488
2023-12-24,0.5488
2023-12-25,0.5662
2023-12-26,0.5396
2023-12-27,0.5768
2023-12-28,0.5054
2023-12-29,0.5947
2023-12-30,0.5692
2023-12-31,0.5692
2024-01-01,0.5681
2024-01-02,0.5722
2024-01-03,0.5385
2024-01-04,0.556
2024-01-05,0.5484
2024-01-06,0.5443
2024-01-07,0.5442
2024-01-08,0.5675
2024-01-09,0.5598
2024-01-10,0.5699
2024-01-11,0.575
2024-01-12,0.5745
2024-01-13,0.5661
2024-01-14,0.5661
2024-01-15,0.5635
2024-01-16,0.565
2024-01-17,0.5792
2024-01-18,0.5666
2024-01-19,0.5533
2024-01-20,0.5535
2024-01-21,0.5535
2024-01-22,0.538
2024-01-23,0.5415
2024-01-24,0.5525
2024-01-25,0.5532
2024-01-26,0.523
2024-01-27,0.5223
2024-01-28,0.5223
2024-01-29,0.4708
2024-01-30,0.7446
2024-01-31,0.5513
2024-02-01,0.5475
2024-02-02,0.5635
2024-02-03,0.5445
2024-02-04,0.5445
2024-02-05,1.4812
2024-02-06,0.5247
2024-02-07,0.8762
2024-02-08,0.5017
2024-02-09,0.493
2024-02-10,0.493
2024-02-11,0.493
2024-02-12,0.493
2024-02-13,0.493
2024-02-14,0.4929
2024-02-15,0.4929
2024-02-16,0.4929
2024-02-17,0.4929
2024-02-18,0.4929
2024-02-19,0.441
2024-02-20,0.4995
2024-02-21,0.4954
2024-02-22,0.5024
2024-02-23,0.5102
2024-02-24,0.5111
2024-02-25,0.5111
2024-02-26,0.5072
2024-02-27,0.5023
2024-02-28,2.4795
2024-02-29,0.4791
2024-03-01,0.4965
2024-03-02,0.4664
2024-03-03,0.4664
2024-03-04,0.494
2024-03-05,0.4968
2024-03-06,0.3155
2024-03-07,0.4624
2024-03-08,0.4628
2024-03-09,0.4786
2024-03-10,0.4786
2024-03-11,0.336
2024-03-12,1.4228
2024-03-13,1.2849
2024-03-14,0.4066
2024-03-15,0.3584
2024-03-16,0.3387
2024-03-17,0.3387
2024-03-18,0.6723
2024-03-19,0.4104
2024-03-20,0.3834
2024-03-21,0.4714
2024-03-22,0.548
2024-03-23,0.4435
2024-03-24,0.4435
2024-03-25,0.5722
2024-03-26,0.4457
2024-03-27,0.459
2024-03-28,0.4499
2024-03-29,0.672
2024-03-30,0.5398
2024-03-31,0.5398
2024-04-01,0.4282
2024-04-02,0.4249
2024-04-03,0.4292
2024-04-04,0.442
2024-04-05,0.442
2024-04-06,0.442
2024-04-07,0.9043
2024-04-08,0.2971
2024-04-09,0.4252
2024-04-10,0.4289
2024-04-11,0.4489
2024-04-12,1.3425
2024-04-13,0.4375
2024-04-14,0.4375
2024-04-15,0.4384
2024-04-16,0.4236
2024-04-17,0.3939
2024-04-18,0.3982
2024-04-19,0.4278
2024-04-20,0.4231
2024-04-21,0.4231
2024-04-22,0.7715
2024-04-23,0.4024
2024-04-24,0.5551
2024-04-25,0.4114
2024-04-26,0.3649
2024-04-27,0.3689
2024-04-28,0.3689
2024-04-29,0.3696
2024-04-30,0.4697
2024-05-01,0.4143
2024-05-02,0.4143
2024-05-03,0.4143
2024-05-04,0.4143
2024-05-05,0.4143
2024-05-06,0.3863
2024-05-07,0.398
2024-05-08,0.3848
2024-05-09,0.3998
2024-05-10,0.3599
2024-05-11,0.3877
2024-05-12,0.3877
2024-05-13,1.8606
2024-05-14,0.8808
2024-05-15,0.4453
2024-05-16,0.3828
2024-05-17,0.3865
2024-05-18,0.3385
2024-05-19,0.3385
2024-05-20,0.6301
2024-05-21,0.63
2024-05-22,0.3364
2024-05-23,0.3239
2024-05-24,0.3249
2024-05-25,0.3408
2024-05-26,0.3408
2024-05-27,0.3187
2024-05-28,0.3264
2024-05-29,0.3409
2024-05-30,0.3427
2024-05-31,0.3932
2024-06-01,0.3566
2024-06-02,0.3566
2024-06-03,0.3493
2024-06-04,0.413
2024-06-05,0.3556
2024-06-06,0.3659
2024-06-07,0.362
2024-06-08,0.3652
2024-06-09,0.3652
2024-06-10,0.3652
2024-06-11,0.5215
2024-06-12,0.3561
2024-06-13,0.3668
2024-06-14,0.3633
2024-06-15,0.3649
2024-06-16,0.3649
2024-06-17,0.3693
2024-06-18,0.3627
2024-06-19,0.3638
2024-06-20,0.4392
2024-06-21,0.4032
2024-06-22,0.3683
2024-06-23,0.3683
2024-06-24,0.3632
2024-06-25,0.372
2024-06-26,0.3987
2024-06-27,0.4977
2024-06-28,0.3901
2024-06-29,0.3873
2024-06-30,0.3873
2024-07-01,0.3778
2024-07-02,0.3686
2024-07-03,0.3818
2024-07-04,0.3759
2024-07-05,1.7828
2024-07-06,0.3753
2024-07-07,0.3752
2024-07-08,0.5202
2024-07-09,0.3774
2024-07-10,0.4025
2024-07-11,0.5123
2024-07-12,0.4142
2024-07-13,0.3337
2024-07-14,0.3337
2024-07-15,0.39
2024-07-16,0.3389
2024-07-17,0.3434
2024-07-18,0.3452
2024-07-19,0.346
2024-07-20,0.3469
2024-07-21,0.3469
2024-07-22,0.3535
2024-07-23,0.5364
2024-07-24,0.4026
2024-07-25,0.3537
2024-07-26,0.3815
2024-07-27,0.3533
2024-07-28,0.3533
2024-07-29,0.3498
2024-07-30,0.3544
2024-07-31,0.379
2024-08-01,0.3486
2024-08-02,0.3621
2024-08-03,0.3638
2024-08-04,0.3638
2024-08-05,0.3584
2024-08-06,0.5424
2024-08-07,0.3601
2024-08-08,0.4862
2024-08-09,0.3639
2024-08-10,0.3372
2024-08-11,0.3372
2024-08-12,0.3601
2024-08-13,0.359
2024-08-14,0.3634
2024-08-15,0.351
2024-08-16,0.3605
2024-08-17,0.3616
2024-08-18,0.3616
2024-08-19,0.3625
2024-08-20,0.3538
2024-08-21,0.3536
2024-08-22,0.3523
2024-08-23,0.3569
2024-08-24,0.3572
2024-08-25,0.3572
2024-08-26,2.0033
2024-08-27,0.1565
2024-08-28,0.4259
2024-08-29,0.3069
2024-08-30,0.3719
2024-08-31,0.3385
2024-09-01,0.3385
2024-09-02,0.3816
2024-09-03,0.337
2024-09-04,0.3516
2024-09-05,0.3537
2024-09-06,0.3643
2024-09-07,0.344
2024-09-08,0.344
2024-09-09,0.3393
2024-09-10,0.3824
2024-09-11,0.3573
2024-09-12,0.363
2024-09-13,0.3467
2024-09-14,0.3594
2024-09-15,0.3594
2024-09-16,0.3594
2024-09-17,0.3594
2024-09-18,0.3617
2024-09-19,0.3221
2024-09-20,0.8252
2024-09-21,0.351
2024-09-22,0.351
2024-09-23,0.39
2024-09-24,0.4395
2024-09-25,0.4774
2024-09-26,0.3735
2024-09-27,0.3623
2024-09-28,0.3784
2024-09-29,0.3784
2024-09-30,0.2722
2024-10-01,0.3387
2024-10-02,0.3387
2024-10-03,0.3387
2024-10-04,0.3387
2024-10-05,0.3387
2024-10-06,0.3387
2024-10-07,0.3387
2024-10-08,0.3602
2024-10-09,0.2337
2024-10-10,0.3159
2024-10-11,0.3123
2024-10-12,0.3137
2024-10-13,0.3133
2024-10-14,0.7425
2024-10-15,0.3932
2024-10-16,0.6587
2024-10-17,0.3523
2024-10-18,0.3417
2024-10-19,0.3573
2024-10-20,0.3573
2024-10-21,0.3638
2024-10-22,0.3643
2024-10-23,0.369
2024-10-24,0.3662
2024-10-25,0.3616
2024-10-26,0.3623
2024-10-27,0.3623
2024-10-28,0.3599
2024-10-29,0.6443
2024-10-30,0.3833
2024-10-31,0.4123
2024-11-01,0.3843
2024-11-02,0.3599
2024-11-03,0.3599
2024-11-04,0.3677
2024-11-05,0.3752
2024-11-06,0.3546
2024-11-07,0.8014
2024-11-08,0.3374
2024-11-09,0.3515
2024-11-10,0.3515
2024-11-11,0.3879
2024-11-12,0.3656
2024-11-13,0.3772
2024-11-14,0.3745
2024-11-15,0.3627
2024-11-16,0.3615
2024-11-17,0.3615
2024-11-18,0.3715
2024-11-19,0.3698
2024-11-20,0.3712
2024-11-21,0.3672
2024-11-22,0.3619
2024-11-23,0.3603
2024-11-24,0.3572
2024-11-25,0.5973
2024-11-26,0.3695
2024-11-27,0.3706
2024-11-28,0.3683
2024-11-29,0.3599
2024-11-30,0.3638
2024-12-01,0.3638
2024-12-02,0.3733
2024-12-03,0.3403
2024-12-04,0.3826
2024-12-05,0.3691
2024-12-06,0.3647
2024-12-07,0.3528
2024-12-08,0.3528
2024-12-09,0.3735
2024-12-10,0.3595
2024-12-11,0.3783
2024-12-12,0.3796
2024-12-13,0.3726
2024-12-14,0.3692
2024-12-15,0.3692
2024-12-16,0.3807
2024-12-17,0.3792
2024-12-18,0.3768
2024-12-19,0.3743
2024-12-20,0.3543
2024-12-21,0.3654
2024-12-22,0.3654
2024-12-23,0.3892
2024-12-24,0.3714
2024-12-25,0.3706
2024-12-26,0.5942
2024-12-27,0.4695
2024-12-28,0.3608
2024-12-29,0.3608
2024-12-30,0.3642
2024-12-31,0.3394
2025-01-01,0.3323
2025-01-02,0.3553
2025-01-03,0.3498
2025-01-04,0.3556
2025-01-05,0.3556
2025-01-06,0.3633
2025-01-07,0.4203
2025-01-08,0.3611
2025-01-09,1.1152
2025-01-10,0.3363
2025-01-11,0.3304
2025-01-12,0.3304
2025-01-13,0.3464
2025-01-14,0.346
2025-01-15,0.3376
2025-01-16,0.2849
2025-01-17,0.2849
2025-01-18,0.2778
2025-01-19,0.2778
2025-01-20,0.3684
2025-01-21,0.3391
2025-01-22,0.3592
2025-01-23,0.3259
2025-01-24,0.2203
2025-01-25,0.2219
2025-01-26,0.2219
2025-01-27,0.3652
2025-01-28,0.3619
2025-01-29,0.3619
2025-01-30,0.3619
2025-01-31,0.3619
2025-02-01,0.3619
2025-02-02,0.3619
2025-02-03,0.3619
2025-02-04,0.3619
2025-02-05,1.2385
2025-02-06,0.5504
2025-02-07,0.3481
2025-02-08,0.2786
2025-02-09,0.2786
2025-02-10,0.3638
2025-02-11,0.3702
2025-02-12,0.3412
2025-02-13,0.3262
2025-02-14,0.2881
2025-02-15,0.323
2025-02-16,0.323
2025-02-17,0.303
2025-02-18,0.3035
2025-02-19,0.3338
2025-02-20,0.3294
2025-02-21,0.3235
2025-02-22,0.3259
2025-02-23,0.3259
2025-02-24,0.3293
2025-02-25,0.326
2025-02-26,0.3294
2025-02-27,0.3219
2025-02-28,0.3322
2025-03-01,0.3334
2025-03-02,0.3334
2025-03-03,0.3339
2025-03-04,0.3807
2025-03-05,0.325
2025-03-06,0.3437
2025-03-07,0.3257
2025-03-08,0.3242
2025-03-09,0.3242
2025-03-10,0.3341
2025-03-11,0.3322
2025-03-12,0.3337
2025-03-13,0.336
2025-03-14,0.33
2025-03-15,0.3283
2025-03-16,0.3283
2025-03-17,0.3397
2025-03-18,0.3364
2025-03-19,0.334
2025-03-20,0.3362
2025-03-21,0.3321
2025-03-22,0.3288
2025-03-23,0.3288
2025-03-24,0.222
2025-03-25,0.4146
2025-03-26,0.5335
2025-03-27,0.3534
2025-03-28,0.3717
2025-03-29,0.3489
2025-03-30,0.3489
2025-03-31,0.3383
2025-04-01,0.3531
2025-04-02,0.3831
2025-04-03,0.3412
2025-04-04,0.3374
2025-04-05,0.3374
2025-04-06,0.3374
2025-04-07,0.3519
2025-04-08,0.3507
2025-04-09,0.3557
2025-04-10,0.3526
2025-04-11,0.3287
2025-04-12,0.3215
2025-04-13,0.3215
2025-04-14,0.358
2025-04-15,0.3526
2025-04-16,0.3585
2025-04-17,0.3696
2025-04-18,0.4339
2025-04-19,0.3374
2025-04-20,0.3374
2025-04-21,0.603
2025-04-22,0.497
2025-04-23,0.7065
2025-04-24,0.6648
2025-04-25,0.339
2025-04-26,0.3312
2025-04-27,0.3312
2025-04-28,0.6813
2025-04-29,0.3366
2025-04-30,0.3428
2025-05-01,0.3401
2025-05-02,0.3401
2025-05-03,0.34
2025-05-04,0.34
2025-05-05,0.34
2025-05-06,0.3474
2025-05-07,0.343
2025-05-08,0.475
2025-05-09,0.3235
2025-05-10,0.3173
2025-05-11,0.3173
2025-05-12,0.505
2025-05-13,0.7536
2025-05-14,0.3028
2025-05-15,0.6807
2025-05-16,0.3117
2025-05-17,0.3032
2025-05-18,0.3032
2025-05-19,0.3133
2025-05-20,0.3157
2025-05-21,0.5628
2025-05-22,0.3013
2025-05-23,0.2996
2025-05-24,0.2918
2025-05-25,0.2917
2025-05-26,0.7246
2025-05-27,1.1061
2025-05-28,0.619
2025-05-29,0.3107
2025-05-30,0.3123
2025-05-31,0.3105
2025-06-01,0.3105
2025-06-02,0.3105
2025-06-03,0.3903
2025-06-04,0.3008
2025-06-05,0.3204
2025-06-06,0.2984
2025-06-07,0.2944
2025-06-08,0.2944
2025-06-09,0.79
2025-06-10,0.3038
2025-06-11,0.4602
2025-06-12,0.4474
2025-06-13,0.5415
2025-06-14,0.2945
2025-06-15,0.2945
2025-06-16,0.3099
2025-06-17,0.3014
2025-06-18,0.3248
2025-06-19,0.5636
2025-06-20,0.3288
2025-06-21,0.2907
2025-06-22,0.2907
2025-06-23,0.3109
2025-06-24,1.3052
2025-06-25,1.0793
2025-06-26,0.3037
2025-06-27,0.4931
2025-06-28,0.3013
2025-06-29,0.3013
2025-06-30,0.2955
2025-07-01,0.3876
2025-07-02,0.2996
2025-07-03,0.4498
2025-07-04,0.3209
2025-07-05,0.3176
2025-07-06,0.3176
2025-07-07,0.324
2025-07-08,0.318
2025-07-09,0.3191
2025-07-10,0.3152
2025-07-11,0.3091
2025-07-12,0.3048
2025-07-13,0.3048
2025-07-14,0.3139
2025-07-15,0.3143
2025-07-16,0.3235
2025-07-17,1.0005
2025-07-18,0.3127
2025-07-19,0.3076
2025-07-20,0.3076
2025-07-21,0.4865
2025-07-22,0.9739
2025-07-23,0.2943
2025-07-24,0.2934
2025-07-25,0.2883
2025-07-26,0.2701
2025-07-27,0.264
2025-07-28,0.2821
2025-07-29,0.6576
2025-07-30,0.2875
2025-07-31,0.2796
2025-08-01,0.3798
2025-08-02,0.2836
2025-08-03,0.2836
2025-08-04,0.2778
2025-08-05,0.2341
2025-08-06,0.2746
2025-08-07,0.2671
2025-08-08,0.274
2025-08-09,0.2728
2025-08-10,0.2728
2025-08-11,0.2705
2025-08-12,0.2717
2025-08-13,0.2736
2025-08-14,0.274
2025-08-15,0.2407
2025-08-16,0.2699
2025-08-17,0.2699
2025-08-18,0.2718
2025-08-19,0.2769
2025-08-20,0.2773
2025-08-21,0.2709
2025-08-22,0.2737
2025-08-23,0.2727
2025-08-24,0.2727
2025-08-25,0.3946
2025-08-26,0.279
2025-08-27,0.4994
2025-08-28,0.295
2025-08-29,0.2784
2025-08-30,0.2762
2025-08-31,0.2762
2025-09-01,0.4562
2025-09-02,0.279
2025-09-03,0.4214
2025-09-04,0.4762
2025-09-05,0.3242
2025-09-06,0.266
2025-09-07,0.26
2025-09-08,0.9573
2025-09-09,0.2724
2025-09-10,0.2764
2025-09-11,0.4931
2025-09-12,0.2681
2025-09-13,0.2613
2025-09-14,0.2613
2025-09-15,0.2747
2025-09-16,0.2641
2025-09-17,0.2579
2025-09-18,0.4554
2025-09-19,0.4185
2025-09-20,0.2453
2025-09-21,0.2453
2025-09-22,0.9332
2025-09-23,0.2645
2025-09-24,0.2664
2025-09-25,0.3901
2025-09-26,0.2691
2025-09-27,0.2664
2025-09-28,0.2664
2025-09-29,0.2746
2025-09-30,0.8975
2025-10-01,0.2868
2025-10-02,0.2868
2025-10-03,0.2868
2025-10-04,0.2868
2025-10-05,0.2868
2025-10-06,0.2868
2025-10-07,0.2868
2025-10-08,0.2868
2025-10-09,0.9749
2025-10-10,0.2724
2025-10-11,0.2741
2025-10-12,0.2741
2025-10-13,0.3094
2025-10-14,0.4304
2025-10-15,0.2833
2025-10-16,0.2707
